ROC AUC micro,F1 micro,precision micro,recall micro,ROC AUC macro,F1 macro,precision macro,recall macro,ROC AUC weighted,F1 weighted,precision weighted,recall weighted,ROC AUC samples,F1 samples,precision samples,recall samples,ROC AUC - review,precision - review,recall - review,F1 - review,accuracy - review,n_target - review,ROC AUC - study,precision - study,recall - study,F1 - study,accuracy - study,n_target - study,ROC AUC - modelling,precision - modelling,recall - modelling,F1 - modelling,accuracy - modelling,n_target - modelling,ROC AUC - metaanalysis,precision - metaanalysis,recall - metaanalysis,F1 - metaanalysis,accuracy - metaanalysis,n_target - metaanalysis,class_weight,batch_size,weight_decay,learning_rate,num_epochs
0.9496162839179766,0.8425605536332179,0.8558875219683656,0.8296422487223168,0.7263911061090282,0.4285627597427092,0.42380082082852377,0.43344700733063024,0.9181628686962466,0.8209499069175984,0.8124621600191748,0.8296422487223168,0.9278818852924476,0.8296422487223168,0.8296422487223168,0.8296422487223168,0.9273394766668309,0.8043478260869565,0.8295964125560538,0.8167770419426048,0.858603066439523,223.0,0.9384511609192681,0.8908554572271387,0.9041916167664671,0.8974739970282318,0.8824531516183987,334.0,0.6935316755476614,0.0,0.0,0.0,0.959114139693356,24.0,0.3462421113023523,0.0,0.0,0.0,0.989778534923339,6.0,0,4,0,1e-05,1
